Targets,URL
CCTGGACACCCCGTTCTCCT,https://www.ncbi.nlm.nih.gov/pmc/articles/PMC4393360/
ACAGCATGTTTGCTGCCTCC,
GTGGTCCCAGCTCGGGGACA,
CGGTTAATGTGGCTCTGGTT,
TGTCCCTAGTGGCCCCACTG,
TCCTTCCTAGTCTCCTGATA,
CCTGAAGTGGACATAGGGGC,
GAGAGATGGCTCCAGGAAAT,
TTGCTTACGATGGAGCCAGA,
GAGCCACATTAACCGGCCCT,
CACAGTGGGGCCACTAGGGA,
GACTAGGAAGGAGGAGGCCT,
GAATCTGCCTAACAGGAGGT,
TGGGGGTGTGTCACCAGATA,
CCCTGCCAAGCTCTCCCTCC,
CTGGGAGGGAGAGCTTGGCA,
CAGGGGGTGGGAGGGAAGGG,
GGTGGCTAAAGCCAGGGAGA,
TAGGGTTAGGGGCCCCAGGC,
ATGGGAAGACTGAGGCTACA,
CATCAGGCTCTCAGCTCAGC,
GTGGCTGCTCTGGGGGCCTC,
GAAGCTGGAGGAGGAAGGGC,
TCGATGTCACCTCCAATGAC,
GCAAGCAGCACTCTGCCCTC,
CAACCACAAACCCACGAGGG,
AAGCCTGGCCAGGGAGTGGC,
GCCTCCCCAAAGCCTGGCCA,
GGCCAGGCTTTGGGGAGGCC,
CAGGCTGAGCTGAGAGCCTG,
CTCAACACTCAGGCTGAGCT,
GCCTCAACACTCAGGCTGAG,
CTGGGGCCTCAACACTCAGG,
GAGGCCCCCAGAGCAGCCAC,
GGAGGCCCCCAGAGCAGCCA,
TGAGAAACTCAGGAGGCCCC,
GGGGCACAGATGAGAAACTC,
AGGGGCACAGATGAGAAACT,
AGGGAGGGAGGGGCACAGAT,
CCAGGGAGGGAGGGGCACAG,
TTCACCTGGGCCAGGGAGGG,
CTTCACCTGGGCCAGGGAGG,
ACCTTCACCTGGGCCAGGGA,
CACCTTCACCTGGGCCAGGG,
ACCACACCTTCACCTGGGCC,
ACACCTTCACCTGGGCCAGG,
CCACACCTTCACCTGGGCCA,
AACCACACCTTCACCTGGGC,
TTCTGGAACCACACCTTCAC,
TGTACTTTGTCCTCCGGTTC,
TTGTACTTTGTCCTCCGGTT,
GGGAGCCCTTCTTCTTCTGC,
GCGCCACCGGTTGATGTGAT,
TGCGCCACCGGTTGATGTGA,
ATGCGCCACCGGTTGATGTG,
CTCTCAGCTCAGCCTGAGTG,
TTGAGGCCCCAGTGGCTGCT,
TGAGGCCCCAGTGGCTGCTC,
GAGGCCCCAGTGGCTGCTCT,
CCCCTCCCTCCCTGGCCCAG,
CCCAGGTGAAGGTGTGGTTC,
GTGAAGGTGTGGTTCCAGAA,
TGAAGGTGTGGTTCCAGAAC,
AAGGTGTGGTTCCAGAACCG,
GGAGGACAAAGTACAAACGG,
CAAAGTACAAACGGCAGAAG,
AAAGTACAAACGGCAGAAGC,
AGTACAAACGGCAGAAGCTG,
GTACAAACGGCAGAAGCTGG,
ACAAACGGCAGAAGCTGGAG,
CAAACGGCAGAAGCTGGAGG,
ACGGCAGAAGCTGGAGGAGG,
GGAGGAGGAAGGGCCTGAGT,
AGGAAGGGCCTGAGTCCGAG,
AAGGGCCTGAGTCCGAGCAG,
GGCCTGAGTCCGAGCAGAAG,
CTGAGTCCGAGCAGAAGAAG,
TCAACCGGTGGCGCATTGCC,
GGCCACTCCCTGGCCAGGCT,
GCCACTCCCTGGCCAGGCTT,
CCACTCCCTGGCCAGGCTTT,
CACTCCCTGGCCAGGCTTTG,
TGGCCAGGCTTTGGGGAGGC,
GGCCTCCCCAAAGCCTGGCC,
AGGCCTCCCCAAAGCCTGGC,
TGTCACCTCCAATGACTAGG,
GTGGGCAACCACAAACCCAC,
TGGTTGCCCACCCTAGTCAT,
GTGGTTGCCCACCCTAGTCA,
GGCCTGGAGTCATGGCCCCA,
GAGTCATGGCCCCACAGGGC,
GCCCCGGGCTTCAAGCCCTG,
GGCCCCGGGCTTCAAGCCCT,
CATTGCCACGAAGCAGGCCA,
ATTGCCACGAAGCAGGCCAA,
TTGCCACGAAGCAGGCCAAT,
TGCCACGAAGCAGGCCAATG,
CCACGAAGCAGGCCAATGGG,
GGGTGGGCAACCACAAACCC,
GCTGCTGGCCAGGCCCCTGC,
GAGTCCAGCTTGGGCCCACG,https://www.ncbi.nlm.nih.gov/pmc/articles/PMC4393360/
GGCTCTCCGAGGAGAAGGCCA,https://academic.oup.com/nar/article/50/3/1650/6509098
TGGCCAGGCTTTGGGGAGGCC,
GGCCAGGCTTTGGGGAGGCC,
GAGAGGGACACACAGATCTAT,
GACTAGGAAGGAGGAGGCCT,
GTTGCCCTAAGGATTAAATGA,
AAACGACCCCCAAAGAACCGT,
AGTCTGAAAGAGCCAAATCGG,
GTATGCAGGCATCCTCAGCTA,
GGGTGAGTGAGTGTGTGCGTG,
GGGTGAGTGAGTGTGTGCGTA,
GGGTGAGTGAGTGTGTGCGCG,
GGGTGAGTGAGTGTGTGCATG,
GGGTGAGTGAGTGTGTGTGTG,
GGGTGAGTGAGTGTGTACGTG,
GGGTGAGTGAGTGTGCGCGTG,
GGGTGAGTGAGTGTATGCGTG,
GGGTGAGTGAGTGCGTGCGTG,
GGGTGAGTGAGTATGTGCGTG,
GGGTGAGTGAGCGTGTGCGTG,
GGGTGAGTGAATGTGTGCGTG,
GGGTGAGTGGGTGTGTGCGTG,
GGGTGAGTAAGTGTGTGCGTG,
GGGTGAGCGAGTGTGTGCGTG,
GGGTGAATGAGTGTGTGCGTG,
GGGTGGGTGAGTGTGTGCGTG,
GGGTAAGTGAGTGTGTGCGTG,
GGGCGAGTGAGTGTGTGCGTG,
GGATGAGTGAGTGTGTGCGTG,
GAGTGAGTGAGTGTGTGCGTG,
AGGTGAGTGAGTGTGTGCGTG,
GCAAGGCCCGGCGCACGGTGG,
GCAAGGCCCGGCGCACGGTGA,
GCAAGGCCCGGCGCACGGTAG,
GCAAGGCCCGGCGCACGGCGG,
GCAAGGCCCGGCGCACGATGG,
GCAAGGCCCGGCGCACAGTGG,
GCAAGGCCCGGCGCATGGTGG,
GCAAGGCCCGGCGCGCGGTGG,
GCAAGGCCCGGCGTACGGTGG,
GCAAGGCCCGGCACACGGTGG,
GCAAGGCCCGGTGCACGGTGG,
GCAAGGCCCGACGCACGGTGG,
GCAAGGCCCAGCGCACGGTGG,
GCAAGGCCTGGCGCACGGTGG,
GCAAGGCTCGGCGCACGGTGG,
GCAAGGTCCGGCGCACGGTGG,
GCAAGACCCGGCGCACGGTGG,
GCAAAGCCCGGCGCACGGTGG,
GCAGGGCCCGGCGCACGGTGG,
GCGAGGCCCGGCGCACGGTGG,
GTAAGGCCCGGCGCACGGTGG,
ACAAGGCCCGGCGCACGGTGG,
GCCTGCGGACATCGTCGGGCA,
GCCTGCGGATATCGTCGGGCA,
GCCCGCGGACATCGTCGGGCA,
CGTCGGGCGCTCACACCGTGC,
CGTCGGGCGTTCACACCGTGC,https://academic.oup.com/nar/article/50/3/1650/6509098
ATTCCTCATGGACTGATTA,https://www.ncbi.nlm.nih.gov/pmc/articles/PMC4509999/
CTTTGGAAATGCGGTTAGT,
TTTCTTGGCAAGCCGGTTA,
ACCTATGGCTTTCGTGGTG,
TGAGTCAACGGAAACGTTA,
CCACGGGTCTGCAAGCGTT,
ACCGGCCAAACGCAATCTC,
GCCTCGTCGCCGGAGGCAA,
AAGTGAACTTCGTGCTTGG,
CTAGAATGATCAGTCAACG,
TCATGGACTGATTATGGAC,
GAAACTCTTTGTAACGCAC,
GAACCCGGGTCCCGGTCCG,
TTAATACCCATAACGCCAA,
ATCTCAACCGGTTACTGAA,
GAGGCGCGATGTCGGAAAA,
TGTGGTTCCTTTAGGTCGG,
GGAGAACTGATCATTCTCG,
TGGGTCTTGAACACCTCGC,
TGGCAAAGGCGCTCCAAAG,
CACAGTGCACGCACGGCGC,
CTGCCCAATGCCACAACCG,
GCAGCTAGACCCACGACAG,
TAGAATGATCAGTCAACGG,
ACAGTGGATAACGGCATCT,
CTCCTTAGGCTTAACTTAC,
GTCTGCTGTAGCGGATATA,
TAGGAGCCGGCAGGTCTGT,
ATTCATTGGACAAGTAGTT,
GGCAGAGAAGGCGGTAACC,
CATGCTTATGGAAATCGAA,
CTCGAAGTTGCACACCGCA,
GTTGGCTTCACTACGAGAA,
GCAGCCAGCGGAGACCAAC,
GGCCGGCTGTACCGATCTC,
CAGTAGGATCTACAGCGTT,
GCCCTGTGCATCGAGTCTT,
TCTACCTCAGCGAACTCTT,
CGACGATGACGAGCGTCTC,
AACGCCACACGTAGCGTTG,
AGGCTCGAGGTCCGTGAAC,
AAGGAGTTTAACCAAGATT,
TGCTTAATTAGGAGCCGGC,
GGCCAGTAAGTTAAGCCTA,
GACATCAGCAAATCCGAAA,
CCCCTGCCGAGAGGTCCTG,
GGCCACAGGACCTCTCGGC,
GGTACTGATAGACGCTCTG,
GAGTCCGCGTTGCCCCGGC,
CGTGCGCCGCGGTGTTCTA,
ATCCTGCCGGGCATAAATG,
GTGAGCTCCGCCATTGGTG,
GACGCCGCGCGCTTCGTCA,
TAATTGGACCAGCGTCCAC,
GAAACGCCACACGTAGCGT,
CACTCCAGACCCATTTAGG,
CCTACCTGTTGGTCTCCGC,
AAGTGCTGGTAACGCGCAG,
TTAAGTATTCGCAGAGCGA,
TAGTGGTTCCAATAGGCGA,
TGCCAGATGTTAATGATTTT,
CTCAGAGATTGCTGCATAGT,
CCTGGCTTCTTACGCCGTCC,
AGGATTGAAGCTGACGTTCT,
CTTACCTGGATATAGTCAAC,
AATGTCTGCAGAATTTTTTC,
ATTCCACGGGAAGGAGATCT,
TCTGCTTGAACCACAGCTTT,
ACACTGGAAAAATGTCTTGC,
ACAGGTCATCTTAATGAGCC,
AGCTCATAGACTTCTCACAC,
AAACATCTCGTACAGTGACA,
TTATTTAGTCGTGTGCCAAA,
GACCTAAAATCATTAACATC,
GCCATCGAGCAGTTCGGCTT,
GTTGTGCTCAGTACTGACTT,
GTACTGCAGTCCAAAGAACC,
CGTCAGCTTCAATCCTGCCA,
TTACGAGATCGAGTATGACC,
ACGGCGGGCGCTTCACGCTC,
GAATCCTGTTGACTATATCC,
ACTGGGCTAACCTAAAGCTG,
CCCATCGAGATCCCGATGTGCA,
TTGGCTTCCTGGGCTGCTAC,
CCCCCCTTCCGCACCTTCT,
AGATCCCGATGTGCAAGGACAT,
GCTAAGGGCAGGAGCTACC,
GGCTGCTACGGGGCCATCC,
GCCAAGTGGCCATCGTCAC,
CTGCTGCTGCTGCCGGGCATGT,
CACCTTCTCGGCCAGCGACTG,
CCACGGCGGAGCGGAGAGCCCT,
TGAGGTGGCCGCCGGCATCTG,
AGCGGAGAGCCCTCGGCAT,
ATGGGCCACGAGAACCAGCGCG,https://www.ncbi.nlm.nih.gov/pmc/articles/PMC4509999/
CAAGGGCGAGGAGCTGTTCAC,https://journals.plos.org/plosbiology/article?id=10.1371/journal.pbio.3000747#pbio.3000747.s016
GCCGTAGGTCAGGGTGGTCAC,
GCAACATCCTGGGGCACAAGC,
AGTCGTGCTGCTTCATGTGGT,
CAGCACGGGGCCGTCGCCGAT,
GGGTCACGGGCAGCTTGCCGG,https://journals.plos.org/plosbiology/article?id=10.1371/journal.pbio.3000747#pbio.3000747.s016
ATGGTTCCTTAAATAAGAACTT,https://www.cell.com/cms/10.1016/j.cell.2015.08.007/attachment/e2f14523-b079-4446-a916-00b0453371d6/mmc1
TGGCCAGGCTTTGGGGAGGCC,
GGCCTCCCCAAAGCCTGGCCA,https://www.cell.com/cms/10.1016/j.cell.2015.08.007/attachment/e2f14523-b079-4446-a916-00b0453371d6/mmc1
CTGGCTGCCTGTTTGGGCAGG ,
AAATGTCAGCGACGAGAGCAA ,
AGCAGCTGTGGAAGCAGGAGG ,
ATTCAGTGCTTGGGAGGCAGG ,
AGTAACTCTGGCCATAGCTTA ,
TAGTTCCCCCAACCTCAATAT ,
GTTATGGCCAGCCAGGCCCAA ,https://www.cell.com/cms/10.1016/j.cell.2015.08.007/attachment/e2f14523-b079-4446-a916-00b0453371d6/mmc1
CACCTACGGCAAGCTGACCC,https://academic.oup.com/nar/article/50/3/1650/6509098#supplementary-data
GGCGAGGAGCTGTTCACCGG,
CACCTACGGCAATCTGACCC,
CAACTACGGCAAGCTGACCC,
CACCTACAGCAAGCTGACCC,
CACCTACGGCAAGCTGACCT,
CACCTACGGCAAGCTGACTC,
CACCTACGGCAAGCTGATCC,
CACCTACGGCAAGCTGGCCC,
CACCTACGGCAAGCTAACCC,
CACCTACGGCAAGCCGACCC,
CACCTACGGCAAGTTGACCC,
CACCTACGGCAAACTGACCC,
CACCTACGGCAGGCTGACCC,
CACCTACGGCGAGCTGACCC,
CACCTACGGTAAGCTGACCC,
CACCTACGACAAGCTGACCC,
CACCTACAGCAAGCTGACCC,
CACCTATGGCAAGCTGACCC,
CACCTGCGGCAAGCTGACCC,
CACCCACGGCAAGCTGACCC,
CACTTACGGCAAGCTGACCC,
CATCTACGGCAAGCTGACCC,
CGCCTACGGCAAGCTGACCC,
TACCTACGGCAAGCTGACCC,
CATTTACGGCAAGCTGACCC,
CGTCTACGGCAAGCTGACCC,
TGCCTACGGCAAGCTGACCC,
GTGTGGTTCCAGAACCGGAGGA,
GCTCAGCCTGAGTGTTGAGGC,
GCAACCACAAACCCACGAGGG,
GGCTCTCCGAGGAGAAGGCCA,
TGGCCAGGCTTTGGGGAGGCC,
GGCCAGGCTTTGGGGAGGCC,
GAGAGGGACACACAGATCTAT,
GACTAGGAAGGAGGAGGCCT,
GTTGCCCTAAGGATTAAATGA,
AAACGACCCCCAAAGAACCGT,
AGTCTGAAAGAGCCAAATCGG,https://academic.oup.com/nar/article/50/3/1650/6509098#supplementary-data